<?xml version="1.0" encoding="US-ASCII"?>
<!-- RR Donnelley Xcelerate Taxonomy Schema, based on XBRL 2.1  http://www.edgar-online.com/ -->
<!-- Version: 6.21.3 -->
<!-- Round: 7 -->
<!-- Creation date: 2014-10-27T19:04:34Z -->
<!-- Copyright (c) 2005-2013 R.R. Donnelley &amp; Sons Company All Rights Reserved. -->
<schema xmlns="http://www.w3.org/2001/XMLSchema"
  xmlns:xbrli="http://www.xbrl.org/2003/instance"
  xmlns:link="http://www.xbrl.org/2003/linkbase"
  xmlns:xlink="http://www.w3.org/1999/xlink"
  xmlns:us-gaap="http://fasb.org/us-gaap/2014-01-31"
  xmlns:us-types="http://fasb.org/us-types/2014-01-31"
  xmlns:aapl="http://www.apple.com/20140927"
  xmlns:nonnum="http://www.xbrl.org/dtr/type/non-numeric"
  xmlns:num="http://www.xbrl.org/dtr/type/numeric"
  xmlns:xbrldt="http://xbrl.org/2005/xbrldt"
  xmlns:country="http://xbrl.sec.gov/country/2013-01-31"
  xmlns:currency="http://xbrl.sec.gov/currency/2014-01-31"
  xmlns:dei="http://xbrl.sec.gov/dei/2014-01-31"
  xmlns:exch="http://xbrl.sec.gov/exch/2014-01-31"
  xmlns:invest="http://xbrl.sec.gov/invest/2013-01-31"
  xmlns:naics="http://xbrl.sec.gov/naics/2011-01-31"
  xmlns:sic="http://xbrl.sec.gov/sic/2011-01-31"
  xmlns:stpr="http://xbrl.sec.gov/stpr/2011-01-31"
  targetNamespace="http://www.apple.com/20140927"
  elementFormDefault="qualified" attributeFormDefault="unqualified">
  <annotation>
    <appinfo>
      <link:roleType roleURI="http://www.apple.com/taxonomy/role/DocumentandEntityInformation" id="DocumentandEntityInformation">
        <link:definition>101 - Document - Document and Entity Information</link:definition>
        <link:usedOn>link:calculationLink</link:usedOn>
        <link:usedOn>link:presentationLink</link:usedOn>
        <link:usedOn>link:definitionLink</link:usedOn>
      </link:roleType>
      <link:roleType roleURI="http://www.apple.com/taxonomy/role/StatementOfIncome" id="Role_StatementOfIncome">
        <link:definition>103 - Statement - CONSOLIDATED STATEMENTS OF OPERATIONS</link:definition>
        <link:usedOn>link:calculationLink</link:usedOn>
        <link:usedOn>link:presentationLink</link:usedOn>
        <link:usedOn>link:definitionLink</link:usedOn>
      </link:roleType>
      <link:roleType roleURI="http://www.apple.com/taxonomy/role/StatementOfOtherComprehensiveIncome" id="Role_StatementOfOtherComprehensiveIncome">
        <link:definition>104 - Statement - CONSOLIDATED STATEMENTS OF COMPREHENSIVE INCOME</link:definition>
        <link:usedOn>link:calculationLink</link:usedOn>
        <link:usedOn>link:presentationLink</link:usedOn>
        <link:usedOn>link:definitionLink</link:usedOn>
      </link:roleType>
      <link:roleType roleURI="http://www.apple.com/taxonomy/role/StatementOfOtherComprehensiveIncomeParenthetical" id="Role_StatementOfOtherComprehensiveIncomeParen">
        <link:definition>105 - Statement - CONSOLIDATED STATEMENTS OF COMPREHENSIVE INCOME (Parenthetical)</link:definition>
        <link:usedOn>link:calculationLink</link:usedOn>
        <link:usedOn>link:presentationLink</link:usedOn>
        <link:usedOn>link:definitionLink</link:usedOn>
      </link:roleType>
      <link:roleType roleURI="http://www.apple.com/taxonomy/role/StatementOfFinancialPositionClassified" id="Role_StatementOfFinancialPositionClassified">
        <link:definition>106 - Statement - CONSOLIDATED BALANCE SHEETS</link:definition>
        <link:usedOn>link:calculationLink</link:usedOn>
        <link:usedOn>link:presentationLink</link:usedOn>
        <link:usedOn>link:definitionLink</link:usedOn>
      </link:roleType>
      <link:roleType roleURI="http://www.apple.com/taxonomy/role/StatementOfFinancialPositionClassifiedParenthetical" id="Role_StatementOfFinancialPositionClassifiedParen">
        <link:definition>107 - Statement - CONSOLIDATED BALANCE SHEETS (Parenthetical)</link:definition>
        <link:usedOn>link:calculationLink</link:usedOn>
        <link:usedOn>link:presentationLink</link:usedOn>
        <link:usedOn>link:definitionLink</link:usedOn>
      </link:roleType>
      <link:roleType roleURI="http://www.apple.com/taxonomy/role/StatementOfShareholdersEquityAndOtherComprehensiveIncome" id="Role_ci-StatementOfShareholdersEquityAndOtherComprehensiveIncome">
        <link:definition>108 - Statement - CONSOLIDATED STATEMENTS OF SHAREHOLDERS' EQUITY</link:definition>
        <link:usedOn>link:calculationLink</link:usedOn>
        <link:usedOn>link:presentationLink</link:usedOn>
        <link:usedOn>link:definitionLink</link:usedOn>
      </link:roleType>
      <link:roleType roleURI="http://www.apple.com/taxonomy/role/StatementOfCashFlowsIndirect" id="Role_StatementOfCashFlowsIndirect">
        <link:definition>109 - Statement - CONSOLIDATED STATEMENTS OF CASH FLOWS</link:definition>
        <link:usedOn>link:calculationLink</link:usedOn>
        <link:usedOn>link:presentationLink</link:usedOn>
        <link:usedOn>link:definitionLink</link:usedOn>
      </link:roleType>
      <link:roleType roleURI="http://www.apple.com/taxonomy/role/NotesToFinancialStatementsBasisOfPresentationAndSignificantAccountingPoliciesTextBlock" id="Role_NotesToFinancialStatementsBasisOfPresentationAndSignificantAccountingPoliciesTextBlock">
        <link:definition>110 - Disclosure - Summary of Significant Accounting Policies</link:definition>
        <link:usedOn>link:calculationLink</link:usedOn>
        <link:usedOn>link:presentationLink</link:usedOn>
        <link:usedOn>link:definitionLink</link:usedOn>
      </link:roleType>
      <link:roleType roleURI="http://www.apple.com/taxonomy/role/NotesToFinancialStatementsFinancialInstrumentsDisclosureTextBlock" id="Role_NotesToFinancialStatementsFinancialInstrumentsDisclosureTextBlock">
        <link:definition>111 - Disclosure - Financial Instruments</link:definition>
        <link:usedOn>link:calculationLink</link:usedOn>
        <link:usedOn>link:presentationLink</link:usedOn>
        <link:usedOn>link:definitionLink</link:usedOn>
      </link:roleType>
      <link:roleType roleURI="http://www.apple.com/taxonomy/role/NotesToFinancialStatementsAdditionalFinancialInformationDisclosureTextBlock" id="Role_NotesToFinancialStatementsAdditionalFinancialInformationDisclosureTextBlock">
        <link:definition>112 - Disclosure - Consolidated Financial Statement Details</link:definition>
        <link:usedOn>link:calculationLink</link:usedOn>
        <link:usedOn>link:presentationLink</link:usedOn>
        <link:usedOn>link:definitionLink</link:usedOn>
      </link:roleType>
      <link:roleType roleURI="http://www.apple.com/taxonomy/role/NotesToFinancialStatementsGoodwillAndIntangibleAssetsDisclosureTextBlock" id="Role_NotesToFinancialStatementsGoodwillAndIntangibleAssetsDisclosureTextBlock">
        <link:definition>113 - Disclosure - Goodwill and Other Intangible Assets</link:definition>
        <link:usedOn>link:calculationLink</link:usedOn>
        <link:usedOn>link:presentationLink</link:usedOn>
        <link:usedOn>link:definitionLink</link:usedOn>
      </link:roleType>
      <link:roleType roleURI="http://www.apple.com/taxonomy/role/NotesToFinancialStatementsIncomeTaxDisclosureTextBlock" id="Role_NotesToFinancialStatementsIncomeTaxDisclosureTextBlock">
        <link:definition>114 - Disclosure - Income Taxes</link:definition>
        <link:usedOn>link:calculationLink</link:usedOn>
        <link:usedOn>link:presentationLink</link:usedOn>
        <link:usedOn>link:definitionLink</link:usedOn>
      </link:roleType>
      <link:roleType roleURI="http://www.apple.com/taxonomy/role/NotesToFinancialStatementsDebtDisclosureTextBlock" id="Role_NotesToFinancialStatementsDebtDisclosureTextBlock">
        <link:definition>115 - Disclosure - Debt</link:definition>
        <link:usedOn>link:calculationLink</link:usedOn>
        <link:usedOn>link:presentationLink</link:usedOn>
        <link:usedOn>link:definitionLink</link:usedOn>
      </link:roleType>
      <link:roleType roleURI="http://www.apple.com/taxonomy/role/NotesToFinancialStatementsStockholdersEquityNoteDisclosureTextBlock" id="Role_NotesToFinancialStatementsStockholdersEquityNoteDisclosureTextBlock">
        <link:definition>116 - Disclosure - Shareholders' Equity</link:definition>
        <link:usedOn>link:calculationLink</link:usedOn>
        <link:usedOn>link:presentationLink</link:usedOn>
        <link:usedOn>link:definitionLink</link:usedOn>
      </link:roleType>
      <link:roleType roleURI="http://www.apple.com/taxonomy/role/NotesToFinancialStatementsComprehensiveIncomeNoteTextBlock" id="Role_NotesToFinancialStatementsComprehensiveIncomeNoteTextBlock">
        <link:definition>117 - Disclosure - Comprehensive Income</link:definition>
        <link:usedOn>link:calculationLink</link:usedOn>
        <link:usedOn>link:presentationLink</link:usedOn>
        <link:usedOn>link:definitionLink</link:usedOn>
      </link:roleType>
      <link:roleType roleURI="http://www.apple.com/taxonomy/role/NotesToFinancialStatementsCompensationAndEmployeeBenefitPlansTextBlock" id="Role_NotesToFinancialStatementsCompensationAndEmployeeBenefitPlansTextBlock">
        <link:definition>118 - Disclosure - Benefit Plans</link:definition>
        <link:usedOn>link:calculationLink</link:usedOn>
        <link:usedOn>link:presentationLink</link:usedOn>
        <link:usedOn>link:definitionLink</link:usedOn>
      </link:roleType>
      <link:roleType roleURI="http://www.apple.com/taxonomy/role/NotesToFinancialStatementsCommitmentsAndContingenciesDisclosureTextBlock" id="Role_NotesToFinancialStatementsCommitmentsAndContingenciesDisclosureTextBlock">
        <link:definition>119 - Disclosure - Commitments and Contingencies</link:definition>
        <link:usedOn>link:calculationLink</link:usedOn>
        <link:usedOn>link:presentationLink</link:usedOn>
        <link:usedOn>link:definitionLink</link:usedOn>
      </link:roleType>
      <link:roleType roleURI="http://www.apple.com/taxonomy/role/NotesToFinancialStatementsSegmentReportingDisclosureTextBlock" id="Role_NotesToFinancialStatementsSegmentReportingDisclosureTextBlock">
        <link:definition>120 - Disclosure - Segment Information and Geographic Data</link:definition>
        <link:usedOn>link:calculationLink</link:usedOn>
        <link:usedOn>link:presentationLink</link:usedOn>
        <link:usedOn>link:definitionLink</link:usedOn>
      </link:roleType>
      <link:roleType roleURI="http://www.apple.com/taxonomy/role/NotesToFinancialStatementsQuarterlyFinancialInformationTextBlock" id="Role_NotesToFinancialStatementsQuarterlyFinancialInformationTextBlock">
        <link:definition>121 - Disclosure - Selected Quarterly Financial Information (Unaudited)</link:definition>
        <link:usedOn>link:calculationLink</link:usedOn>
        <link:usedOn>link:presentationLink</link:usedOn>
        <link:usedOn>link:definitionLink</link:usedOn>
      </link:roleType>
      <link:roleType roleURI="http://www.apple.com/taxonomy/role/NotesToFinancialStatementsBasisOfPresentationAndSignificantAccountingPoliciesTextBlockPolicies" id="Role_NotesToFinancialStatementsBasisOfPresentationAndSignificantAccountingPoliciesTextBlockPolicies">
        <link:definition>122 - Disclosure - Summary of Significant Accounting Policies (Policies)</link:definition>
        <link:usedOn>link:calculationLink</link:usedOn>
        <link:usedOn>link:presentationLink</link:usedOn>
        <link:usedOn>link:definitionLink</link:usedOn>
      </link:roleType>
      <link:roleType roleURI="http://www.apple.com/taxonomy/role/NotesToFinancialStatementsBasisOfPresentationAndSignificantAccountingPoliciesTextBlockTables" id="Role_NotesToFinancialStatementsBasisOfPresentationAndSignificantAccountingPoliciesTextBlockTables">
        <link:definition>123 - Disclosure - Summary of Significant Accounting Policies (Tables)</link:definition>
        <link:usedOn>link:calculationLink</link:usedOn>
        <link:usedOn>link:presentationLink</link:usedOn>
        <link:usedOn>link:definitionLink</link:usedOn>
      </link:roleType>
      <link:roleType roleURI="http://www.apple.com/taxonomy/role/NotesToFinancialStatementsFinancialInstrumentsDisclosureTextBlockTables" id="Role_NotesToFinancialStatementsFinancialInstrumentsDisclosureTextBlockTables">
        <link:definition>124 - Disclosure - Financial Instruments (Tables)</link:definition>
        <link:usedOn>link:calculationLink</link:usedOn>
        <link:usedOn>link:presentationLink</link:usedOn>
        <link:usedOn>link:definitionLink</link:usedOn>
      </link:roleType>
      <link:roleType roleURI="http://www.apple.com/taxonomy/role/NotesToFinancialStatementsAdditionalFinancialInformationDisclosureTextBlockTables" id="Role_NotesToFinancialStatementsAdditionalFinancialInformationDisclosureTextBlockTables">
        <link:definition>125 - Disclosure - Consolidated Financial Statement Details (Tables)</link:definition>
        <link:usedOn>link:calculationLink</link:usedOn>
        <link:usedOn>link:presentationLink</link:usedOn>
        <link:usedOn>link:definitionLink</link:usedOn>
      </link:roleType>
      <link:roleType roleURI="http://www.apple.com/taxonomy/role/NotesToFinancialStatementsGoodwillAndIntangibleAssetsDisclosureTextBlockTables" id="Role_NotesToFinancialStatementsGoodwillAndIntangibleAssetsDisclosureTextBlockTables">
        <link:definition>126 - Disclosure - Goodwill and Other Intangible Assets (Tables)</link:definition>
        <link:usedOn>link:calculationLink</link:usedOn>
        <link:usedOn>link:presentationLink</link:usedOn>
        <link:usedOn>link:definitionLink</link:usedOn>
      </link:roleType>
      <link:roleType roleURI="http://www.apple.com/taxonomy/role/NotesToFinancialStatementsIncomeTaxDisclosureTextBlockTables" id="Role_NotesToFinancialStatementsIncomeTaxDisclosureTextBlockTables">
        <link:definition>127 - Disclosure - Income Taxes (Tables)</link:definition>
        <link:usedOn>link:calculationLink</link:usedOn>
        <link:usedOn>link:presentationLink</link:usedOn>
        <link:usedOn>link:definitionLink</link:usedOn>
      </link:roleType>
      <link:roleType roleURI="http://www.apple.com/taxonomy/role/NotesToFinancialStatementsDebtDisclosureTextBlockTables" id="Role_NotesToFinancialStatementsDebtDisclosureTextBlockTables">
        <link:definition>128 - Disclosure - Debt (Tables)</link:definition>
        <link:usedOn>link:calculationLink</link:usedOn>
        <link:usedOn>link:presentationLink</link:usedOn>
        <link:usedOn>link:definitionLink</link:usedOn>
      </link:roleType>
      <link:roleType roleURI="http://www.apple.com/taxonomy/role/NotesToFinancialStatementsStockholdersEquityNoteDisclosureTextBlockTables" id="Role_NotesToFinancialStatementsStockholdersEquityNoteDisclosureTextBlockTables">
        <link:definition>129 - Disclosure - Shareholders' Equity (Tables)</link:definition>
        <link:usedOn>link:calculationLink</link:usedOn>
        <link:usedOn>link:presentationLink</link:usedOn>
        <link:usedOn>link:definitionLink</link:usedOn>
      </link:roleType>
      <link:roleType roleURI="http://www.apple.com/taxonomy/role/NotesToFinancialStatementsComprehensiveIncomeNoteTextBlockTables" id="Role_NotesToFinancialStatementsComprehensiveIncomeNoteTextBlockTables">
        <link:definition>130 - Disclosure - Comprehensive Income (Tables)</link:definition>
        <link:usedOn>link:calculationLink</link:usedOn>
        <link:usedOn>link:presentationLink</link:usedOn>
        <link:usedOn>link:definitionLink</link:usedOn>
      </link:roleType>
      <link:roleType roleURI="http://www.apple.com/taxonomy/role/NotesToFinancialStatementsCompensationAndEmployeeBenefitPlansTextBlockTables" id="Role_NotesToFinancialStatementsCompensationAndEmployeeBenefitPlansTextBlockTables">
        <link:definition>131 - Disclosure - Benefit Plans (Tables)</link:definition>
        <link:usedOn>link:calculationLink</link:usedOn>
        <link:usedOn>link:presentationLink</link:usedOn>
        <link:usedOn>link:definitionLink</link:usedOn>
      </link:roleType>
      <link:roleType roleURI="http://www.apple.com/taxonomy/role/NotesToFinancialStatementsCommitmentsAndContingenciesDisclosureTextBlockTables" id="Role_NotesToFinancialStatementsCommitmentsAndContingenciesDisclosureTextBlockTables">
        <link:definition>132 - Disclosure - Commitments and Contingencies (Tables)</link:definition>
        <link:usedOn>link:calculationLink</link:usedOn>
        <link:usedOn>link:presentationLink</link:usedOn>
        <link:usedOn>link:definitionLink</link:usedOn>
      </link:roleType>
      <link:roleType roleURI="http://www.apple.com/taxonomy/role/NotesToFinancialStatementsSegmentReportingDisclosureTextBlockTables" id="Role_NotesToFinancialStatementsSegmentReportingDisclosureTextBlockTables">
        <link:definition>133 - Disclosure - Segment Information and Geographic Data (Tables)</link:definition>
        <link:usedOn>link:calculationLink</link:usedOn>
        <link:usedOn>link:presentationLink</link:usedOn>
        <link:usedOn>link:definitionLink</link:usedOn>
      </link:roleType>
      <link:roleType roleURI="http://www.apple.com/taxonomy/role/NotesToFinancialStatementsQuarterlyFinancialInformationTextBlockTables" id="Role_NotesToFinancialStatementsQuarterlyFinancialInformationTextBlockTables">
        <link:definition>134 - Disclosure - Selected Quarterly Financial Information (Unaudited) (Tables)</link:definition>
        <link:usedOn>link:calculationLink</link:usedOn>
        <link:usedOn>link:presentationLink</link:usedOn>
        <link:usedOn>link:definitionLink</link:usedOn>
      </link:roleType>
      <link:roleType roleURI="http://www.apple.com/taxonomy/role/DisclosureSummaryOfSignificantAccountingPoliciesAdditionalInformation" id="DisclosureSummaryOfSignificantAccountingPoliciesAdditionalInformation">
        <link:definition>135 - Disclosure - Summary of Significant Accounting Policies - Additional Information (Detail)</link:definition>
        <link:usedOn>link:calculationLink</link:usedOn>
        <link:usedOn>link:presentationLink</link:usedOn>
        <link:usedOn>link:definitionLink</link:usedOn>
      </link:roleType>
      <link:roleType roleURI="http://www.apple.com/taxonomy/role/DisclosureComputationOfBasicAndDilutedEarningsPerShare" id="DisclosureComputationOfBasicAndDilutedEarningsPerShare">
        <link:definition>136 - Disclosure - Computation of Basic and Diluted Earnings Per Share (Detail)</link:definition>
        <link:usedOn>link:calculationLink</link:usedOn>
        <link:usedOn>link:presentationLink</link:usedOn>
        <link:usedOn>link:definitionLink</link:usedOn>
      </link:roleType>
      <link:roleType roleURI="http://www.apple.com/taxonomy/role/DisclosureCashAndAvailableforSaleSecuritiesAdjustedCostGrossUnrealizedGainsGrossUnrealizedLossesAndFairValueRecordedAsCashAndCashEquivalentsOrShortTermOrLongTermMarketableSecurities" id="DisclosureCashAndAvailableforSaleSecuritiesAdjustedCostGrossUnrealizedGainsGrossUnrealizedLossesAndFairValueRecordedAsCashAndCashEquivalentsOrShortTermOrLongTermMarketableSecurities">
        <link:definition>137 - Disclosure - Cash and Available-for-Sale Securities' Adjusted Cost, Gross Unrealized Gains, Gross Unrealized Losses and Fair Value Recorded as Cash and Cash Equivalents or Short-Term or Long-Term Marketable Securities (Detail)</link:definition>
        <link:usedOn>link:calculationLink</link:usedOn>
        <link:usedOn>link:presentationLink</link:usedOn>
        <link:usedOn>link:definitionLink</link:usedOn>
      </link:roleType>
      <link:roleType roleURI="http://www.apple.com/taxonomy/role/DisclosureFinancialInstrumentsAdditionalInformation" id="DisclosureFinancialInstrumentsAdditionalInformation">
        <link:definition>138 - Disclosure - Financial Instruments - Additional Information (Detail)</link:definition>
        <link:usedOn>link:calculationLink</link:usedOn>
        <link:usedOn>link:presentationLink</link:usedOn>
        <link:usedOn>link:definitionLink</link:usedOn>
      </link:roleType>
      <link:roleType roleURI="http://www.apple.com/taxonomy/role/DisclosureNotionalAmountsOfOutstandingDerivativeInstrumentsAndCreditRiskAmountsAssociatedWithOutstandingOrUnsettledDerivativeInstruments" id="DisclosureNotionalAmountsOfOutstandingDerivativeInstrumentsAndCreditRiskAmountsAssociatedWithOutstandingOrUnsettledDerivativeInstruments">
        <link:definition>139 - Disclosure - Notional Amounts of Outstanding Derivative Instruments and Credit Risk Amounts Associated with Outstanding or Unsettled Derivative Instruments (Detail)</link:definition>
        <link:usedOn>link:calculationLink</link:usedOn>
        <link:usedOn>link:presentationLink</link:usedOn>
        <link:usedOn>link:definitionLink</link:usedOn>
      </link:roleType>
      <link:roleType roleURI="http://www.apple.com/taxonomy/role/DisclosureDerivativeInstrumentsAtGrossFairValueAsReflectedInConsolidatedBalanceSheets" id="DisclosureDerivativeInstrumentsAtGrossFairValueAsReflectedInConsolidatedBalanceSheets">
        <link:definition>140 - Disclosure - Derivative Instruments at Gross Fair Value as Reflected in Consolidated Balance Sheets (Detail)</link:definition>
        <link:usedOn>link:calculationLink</link:usedOn>
        <link:usedOn>link:presentationLink</link:usedOn>
        <link:usedOn>link:definitionLink</link:usedOn>
      </link:roleType>
      <link:roleType roleURI="http://www.apple.com/taxonomy/role/DisclosurePreTaxEffectOfDerivativeInstrumentsDesignatedAsCashFlowNetInvestmentAndFairValueHedges" id="DisclosurePreTaxEffectOfDerivativeInstrumentsDesignatedAsCashFlowNetInvestmentAndFairValueHedges">
        <link:definition>141 - Disclosure - Pre-Tax Effect of Derivative Instruments Designated as Cash Flow, Net Investment and Fair Value Hedges (Detail)</link:definition>
        <link:usedOn>link:calculationLink</link:usedOn>
        <link:usedOn>link:presentationLink</link:usedOn>
        <link:usedOn>link:definitionLink</link:usedOn>
      </link:roleType>
      <link:roleType roleURI="http://www.apple.com/taxonomy/role/DisclosureInventory" id="DisclosureInventory">
        <link:definition>142 - Disclosure - Inventory (Detail)</link:definition>
        <link:usedOn>link:calculationLink</link:usedOn>
        <link:usedOn>link:presentationLink</link:usedOn>
        <link:usedOn>link:definitionLink</link:usedOn>
      </link:roleType>
      <link:roleType roleURI="http://www.apple.com/taxonomy/role/DisclosurePropertyPlantAndEquipment" id="DisclosurePropertyPlantAndEquipment">
        <link:definition>143 - Disclosure - Property, Plant and Equipment (Detail)</link:definition>
        <link:usedOn>link:calculationLink</link:usedOn>
        <link:usedOn>link:presentationLink</link:usedOn>
        <link:usedOn>link:definitionLink</link:usedOn>
      </link:roleType>
      <link:roleType roleURI="http://www.apple.com/taxonomy/role/DisclosureAccruedExpenses" id="DisclosureAccruedExpenses">
        <link:definition>144 - Disclosure - Accrued Expenses (Detail)</link:definition>
        <link:usedOn>link:calculationLink</link:usedOn>
        <link:usedOn>link:presentationLink</link:usedOn>
        <link:usedOn>link:definitionLink</link:usedOn>
      </link:roleType>
      <link:roleType roleURI="http://www.apple.com/taxonomy/role/DisclosureNonCurrentLiabilities" id="DisclosureNonCurrentLiabilities">
        <link:definition>145 - Disclosure - Non-Current Liabilities (Detail)</link:definition>
        <link:usedOn>link:calculationLink</link:usedOn>
        <link:usedOn>link:presentationLink</link:usedOn>
        <link:usedOn>link:definitionLink</link:usedOn>
      </link:roleType>
      <link:roleType roleURI="http://www.apple.com/taxonomy/role/DisclosureOtherIncomeAndExpense" id="DisclosureOtherIncomeAndExpense">
        <link:definition>146 - Disclosure - Other Income and Expense (Detail)</link:definition>
        <link:usedOn>link:calculationLink</link:usedOn>
        <link:usedOn>link:presentationLink</link:usedOn>
        <link:usedOn>link:definitionLink</link:usedOn>
      </link:roleType>
      <link:roleType roleURI="http://www.apple.com/taxonomy/role/DisclosureGoodwillAndOtherIntangibleAssetsAdditionalInformation" id="DisclosureGoodwillAndOtherIntangibleAssetsAdditionalInformation">
        <link:definition>147 - Disclosure - Goodwill and Other Intangible Assets - Additional Information (Detail)</link:definition>
        <link:usedOn>link:calculationLink</link:usedOn>
        <link:usedOn>link:presentationLink</link:usedOn>
        <link:usedOn>link:definitionLink</link:usedOn>
      </link:roleType>
      <link:roleType roleURI="http://www.apple.com/taxonomy/role/DisclosureComponentsOfGrossAndNetIntangibleAssetBalances" id="DisclosureComponentsOfGrossAndNetIntangibleAssetBalances">
        <link:definition>148 - Disclosure - Components of Gross and Net Intangible Asset Balances (Detail)</link:definition>
        <link:usedOn>link:calculationLink</link:usedOn>
        <link:usedOn>link:presentationLink</link:usedOn>
        <link:usedOn>link:definitionLink</link:usedOn>
      </link:roleType>
      <link:roleType roleURI="http://www.apple.com/taxonomy/role/DisclosureExpectedAnnualAmortizationExpenseRelatedToAcquiredIntangibleAssets" id="DisclosureExpectedAnnualAmortizationExpenseRelatedToAcquiredIntangibleAssets">
        <link:definition>149 - Disclosure - Expected Annual Amortization Expense Related to Acquired Intangible Assets (Detail)</link:definition>
        <link:usedOn>link:calculationLink</link:usedOn>
        <link:usedOn>link:presentationLink</link:usedOn>
        <link:usedOn>link:definitionLink</link:usedOn>
      </link:roleType>
      <link:roleType roleURI="http://www.apple.com/taxonomy/role/DisclosureProvisionForIncomeTaxes" id="DisclosureProvisionForIncomeTaxes">
        <link:definition>150 - Disclosure - Provision for Income Taxes (Detail)</link:definition>
        <link:usedOn>link:calculationLink</link:usedOn>
        <link:usedOn>link:presentationLink</link:usedOn>
        <link:usedOn>link:definitionLink</link:usedOn>
      </link:roleType>
      <link:roleType roleURI="http://www.apple.com/taxonomy/role/DisclosureIncomeTaxesAdditionalInformation" id="DisclosureIncomeTaxesAdditionalInformation">
        <link:definition>151 - Disclosure - Income Taxes - Additional Information (Detail)</link:definition>
        <link:usedOn>link:calculationLink</link:usedOn>
        <link:usedOn>link:presentationLink</link:usedOn>
        <link:usedOn>link:definitionLink</link:usedOn>
      </link:roleType>
      <link:roleType roleURI="http://www.apple.com/taxonomy/role/DisclosureReconciliationOfTheProvisionForIncomeTaxes" id="DisclosureReconciliationOfTheProvisionForIncomeTaxes">
        <link:definition>152 - Disclosure - Reconciliation of the Provision for Income Taxes (Detail)</link:definition>
        <link:usedOn>link:calculationLink</link:usedOn>
        <link:usedOn>link:presentationLink</link:usedOn>
        <link:usedOn>link:definitionLink</link:usedOn>
      </link:roleType>
      <link:roleType roleURI="http://www.apple.com/taxonomy/role/DisclosureSignificantComponentsOfTheCompanysDeferredTaxAssetsAndLiabilities" id="DisclosureSignificantComponentsOfTheCompanysDeferredTaxAssetsAndLiabilities">
        <link:definition>153 - Disclosure - Significant Components of the Company's Deferred Tax Assets and Liabilities (Detail)</link:definition>
        <link:usedOn>link:calculationLink</link:usedOn>
        <link:usedOn>link:presentationLink</link:usedOn>
        <link:usedOn>link:definitionLink</link:usedOn>
      </link:roleType>
      <link:roleType roleURI="http://www.apple.com/taxonomy/role/DisclosureAggregateChangesInTheBalanceOfGrossUnrecognizedTaxBenefitsWhichExcludesInterestAndPenalties" id="DisclosureAggregateChangesInTheBalanceOfGrossUnrecognizedTaxBenefitsWhichExcludesInterestAndPenalties">
        <link:definition>154 - Disclosure - Aggregate Changes in the Balance of Gross Unrecognized Tax Benefits, which Excludes Interest and Penalties (Detail)</link:definition>
        <link:usedOn>link:calculationLink</link:usedOn>
        <link:usedOn>link:presentationLink</link:usedOn>
        <link:usedOn>link:definitionLink</link:usedOn>
      </link:roleType>
      <link:roleType roleURI="http://www.apple.com/taxonomy/role/DisclosureDebtAdditionalInformation" id="DisclosureDebtAdditionalInformation">
        <link:definition>155 - Disclosure - Debt - Additional Information (Detail)</link:definition>
        <link:usedOn>link:calculationLink</link:usedOn>
        <link:usedOn>link:presentationLink</link:usedOn>
        <link:usedOn>link:definitionLink</link:usedOn>
      </link:roleType>
      <link:roleType roleURI="http://www.apple.com/taxonomy/role/DisclosureSummaryOfCashFlowsAssociatedWithIssuanceAndMaturitiesOfCommercialPaper" id="DisclosureSummaryOfCashFlowsAssociatedWithIssuanceAndMaturitiesOfCommercialPaper">
        <link:definition>156 - Disclosure - Summary of Cash Flows Associated With Issuance and Maturities of Commercial Paper (Detail)</link:definition>
        <link:usedOn>link:calculationLink</link:usedOn>
        <link:usedOn>link:presentationLink</link:usedOn>
        <link:usedOn>link:definitionLink</link:usedOn>
      </link:roleType>
      <link:roleType roleURI="http://www.apple.com/taxonomy/role/DisclosureSummaryOfLongTermDebt" id="DisclosureSummaryOfLongTermDebt">
        <link:definition>157 - Disclosure - Summary of Long-Term Debt (Detail)</link:definition>
        <link:usedOn>link:calculationLink</link:usedOn>
        <link:usedOn>link:presentationLink</link:usedOn>
        <link:usedOn>link:definitionLink</link:usedOn>
      </link:roleType>
      <link:roleType roleURI="http://www.apple.com/taxonomy/role/DisclosureSummaryOfLongTermDebtParenthetical" id="DisclosureSummaryOfLongTermDebtParenthetical">
        <link:definition>158 - Disclosure - Summary of Long-Term Debt (Parenthetical) (Detail)</link:definition>
        <link:usedOn>link:calculationLink</link:usedOn>
        <link:usedOn>link:presentationLink</link:usedOn>
        <link:usedOn>link:definitionLink</link:usedOn>
      </link:roleType>
      <link:roleType roleURI="http://www.apple.com/taxonomy/role/DisclosureDebtInstrumentFuturePrincipalPayments" id="DisclosureDebtInstrumentFuturePrincipalPayments">
        <link:definition>159 - Disclosure - Debt Instrument Future Principal Payments (Detail)</link:definition>
        <link:usedOn>link:calculationLink</link:usedOn>
        <link:usedOn>link:presentationLink</link:usedOn>
        <link:usedOn>link:definitionLink</link:usedOn>
      </link:roleType>
      <link:roleType roleURI="http://www.apple.com/taxonomy/role/DisclosureShareholdersEquityAdditionalInformation" id="DisclosureShareholdersEquityAdditionalInformation">
        <link:definition>160 - Disclosure - Shareholders' Equity - Additional Information (Detail)</link:definition>
        <link:usedOn>link:calculationLink</link:usedOn>
        <link:usedOn>link:presentationLink</link:usedOn>
        <link:usedOn>link:definitionLink</link:usedOn>
      </link:roleType>
      <link:roleType roleURI="http://www.apple.com/taxonomy/role/DisclosureSummaryOfDividendsDeclaredAndPaid" id="DisclosureSummaryOfDividendsDeclaredAndPaid">
        <link:definition>161 - Disclosure - Summary of Dividends Declared and Paid (Detail)</link:definition>
        <link:usedOn>link:calculationLink</link:usedOn>
        <link:usedOn>link:presentationLink</link:usedOn>
        <link:usedOn>link:definitionLink</link:usedOn>
      </link:roleType>
      <link:roleType roleURI="http://www.apple.com/taxonomy/role/DisclosureAcceleratedShareRepurchaseArrangements" id="DisclosureAcceleratedShareRepurchaseArrangements">
        <link:definition>162 - Disclosure - Accelerated Share Repurchase Arrangements (Detail)</link:definition>
        <link:usedOn>link:calculationLink</link:usedOn>
        <link:usedOn>link:presentationLink</link:usedOn>
        <link:usedOn>link:definitionLink</link:usedOn>
      </link:roleType>
      <link:roleType roleURI="http://www.apple.com/taxonomy/role/DisclosureAcceleratedShareRepurchaseArrangementsParenthetical" id="DisclosureAcceleratedShareRepurchaseArrangementsParenthetical">
        <link:definition>163 - Disclosure - Accelerated Share Repurchase Arrangements (Parenthetical) (Detail)</link:definition>
        <link:usedOn>link:calculationLink</link:usedOn>
        <link:usedOn>link:presentationLink</link:usedOn>
        <link:usedOn>link:definitionLink</link:usedOn>
      </link:roleType>
      <link:roleType roleURI="http://www.apple.com/taxonomy/role/DisclosureRepurchasesOfCommonSharesInOpenMarket" id="DisclosureRepurchasesOfCommonSharesInOpenMarket">
        <link:definition>164 - Disclosure - Repurchases of Common Shares in Open Market (Detail)</link:definition>
        <link:usedOn>link:calculationLink</link:usedOn>
        <link:usedOn>link:presentationLink</link:usedOn>
        <link:usedOn>link:definitionLink</link:usedOn>
      </link:roleType>
      <link:roleType roleURI="http://www.apple.com/taxonomy/role/DisclosureGrossAmountsReclassifiedFromAOCIIntoConsolidatedStatementsOfOperations" id="DisclosureGrossAmountsReclassifiedFromAOCIIntoConsolidatedStatementsOfOperations">
        <link:definition>165 - Disclosure - Gross Amounts Reclassified from AOCI into Consolidated Statements of Operations (Detail)</link:definition>
        <link:usedOn>link:calculationLink</link:usedOn>
        <link:usedOn>link:presentationLink</link:usedOn>
        <link:usedOn>link:definitionLink</link:usedOn>
      </link:roleType>
      <link:roleType roleURI="http://www.apple.com/taxonomy/role/DisclosureChangeInAccumulatedOtherComprehensiveIncomeByComponent" id="DisclosureChangeInAccumulatedOtherComprehensiveIncomeByComponent">
        <link:definition>166 - Disclosure - Change in Accumulated Other Comprehensive Income by Component (Detail)</link:definition>
        <link:usedOn>link:calculationLink</link:usedOn>
        <link:usedOn>link:presentationLink</link:usedOn>
        <link:usedOn>link:definitionLink</link:usedOn>
      </link:roleType>
      <link:roleType roleURI="http://www.apple.com/taxonomy/role/DisclosureBenefitPlansAdditionalInformation" id="DisclosureBenefitPlansAdditionalInformation">
        <link:definition>167 - Disclosure - Benefit Plans - Additional Information (Detail)</link:definition>
        <link:usedOn>link:calculationLink</link:usedOn>
        <link:usedOn>link:presentationLink</link:usedOn>
        <link:usedOn>link:definitionLink</link:usedOn>
      </link:roleType>
      <link:roleType roleURI="http://www.apple.com/taxonomy/role/DisclosureRestrictedStockUnitsActivityAndRelatedInformation" id="DisclosureRestrictedStockUnitsActivityAndRelatedInformation">
        <link:definition>168 - Disclosure - Restricted Stock Units Activity and Related Information (Detail)</link:definition>
        <link:usedOn>link:calculationLink</link:usedOn>
        <link:usedOn>link:presentationLink</link:usedOn>
        <link:usedOn>link:definitionLink</link:usedOn>
      </link:roleType>
      <link:roleType roleURI="http://www.apple.com/taxonomy/role/DisclosureSummaryOfShareBasedCompensationExpense" id="DisclosureSummaryOfShareBasedCompensationExpense">
        <link:definition>169 - Disclosure - Summary of Share-Based Compensation Expense (Detail)</link:definition>
        <link:usedOn>link:calculationLink</link:usedOn>
        <link:usedOn>link:presentationLink</link:usedOn>
        <link:usedOn>link:definitionLink</link:usedOn>
      </link:roleType>
      <link:roleType roleURI="http://www.apple.com/taxonomy/role/DisclosureCommitmentsAndContingenciesAdditionalInformation" id="DisclosureCommitmentsAndContingenciesAdditionalInformation">
        <link:definition>170 - Disclosure - Commitments and Contingencies - Additional Information (Detail)</link:definition>
        <link:usedOn>link:calculationLink</link:usedOn>
        <link:usedOn>link:presentationLink</link:usedOn>
        <link:usedOn>link:definitionLink</link:usedOn>
      </link:roleType>
      <link:roleType roleURI="http://www.apple.com/taxonomy/role/DisclosureChangesInAccruedWarrantiesAndRelatedCosts" id="DisclosureChangesInAccruedWarrantiesAndRelatedCosts">
        <link:definition>171 - Disclosure - Changes in Accrued Warranties and Related Costs (Detail)</link:definition>
        <link:usedOn>link:calculationLink</link:usedOn>
        <link:usedOn>link:presentationLink</link:usedOn>
        <link:usedOn>link:definitionLink</link:usedOn>
      </link:roleType>
      <link:roleType roleURI="http://www.apple.com/taxonomy/role/DisclosureFutureMinimumLeasePaymentsUnderNoncancelableOperatingLeases" id="DisclosureFutureMinimumLeasePaymentsUnderNoncancelableOperatingLeases">
        <link:definition>172 - Disclosure - Future Minimum Lease Payments under Noncancelable Operating Leases (Detail)</link:definition>
        <link:usedOn>link:calculationLink</link:usedOn>
        <link:usedOn>link:presentationLink</link:usedOn>
        <link:usedOn>link:definitionLink</link:usedOn>
      </link:roleType>
      <link:roleType roleURI="http://www.apple.com/taxonomy/role/DisclosureSegmentInformationAndGeographicDataAdditionalInformation" id="DisclosureSegmentInformationAndGeographicDataAdditionalInformation">
        <link:definition>173 - Disclosure - Segment Information and Geographic Data - Additional Information (Detail)</link:definition>
        <link:usedOn>link:calculationLink</link:usedOn>
        <link:usedOn>link:presentationLink</link:usedOn>
        <link:usedOn>link:definitionLink</link:usedOn>
      </link:roleType>
      <link:roleType roleURI="http://www.apple.com/taxonomy/role/DisclosureSummaryInformationByOperatingSegment" id="DisclosureSummaryInformationByOperatingSegment">
        <link:definition>174 - Disclosure - Summary Information by Operating Segment (Detail)</link:definition>
        <link:usedOn>link:calculationLink</link:usedOn>
        <link:usedOn>link:presentationLink</link:usedOn>
        <link:usedOn>link:definitionLink</link:usedOn>
      </link:roleType>
      <link:roleType roleURI="http://www.apple.com/taxonomy/role/DisclosureReconciliationOfSegmentOperatingIncomeToConsolidatedStatementsOfOperations" id="DisclosureReconciliationOfSegmentOperatingIncomeToConsolidatedStatementsOfOperations">
        <link:definition>175 - Disclosure - Reconciliation of Segment Operating Income to Consolidated Statements of Operations (Detail)</link:definition>
        <link:usedOn>link:calculationLink</link:usedOn>
        <link:usedOn>link:presentationLink</link:usedOn>
        <link:usedOn>link:definitionLink</link:usedOn>
      </link:roleType>
      <link:roleType roleURI="http://www.apple.com/taxonomy/role/DisclosureTotalAssetsBySegmentAndReconciliationToConsolidatedBalanceSheets" id="DisclosureTotalAssetsBySegmentAndReconciliationToConsolidatedBalanceSheets">
        <link:definition>176 - Disclosure - Total Assets by Segment and Reconciliation to Consolidated Balance Sheets (Detail)</link:definition>
        <link:usedOn>link:calculationLink</link:usedOn>
        <link:usedOn>link:presentationLink</link:usedOn>
        <link:usedOn>link:definitionLink</link:usedOn>
      </link:roleType>
      <link:roleType roleURI="http://www.apple.com/taxonomy/role/DisclosureNetSales" id="DisclosureNetSales">
        <link:definition>177 - Disclosure - Net Sales (Detail)</link:definition>
        <link:usedOn>link:calculationLink</link:usedOn>
        <link:usedOn>link:presentationLink</link:usedOn>
        <link:usedOn>link:definitionLink</link:usedOn>
      </link:roleType>
      <link:roleType roleURI="http://www.apple.com/taxonomy/role/DisclosureLongLivedAssets" id="DisclosureLongLivedAssets">
        <link:definition>178 - Disclosure - Long-Lived Assets (Detail)</link:definition>
        <link:usedOn>link:calculationLink</link:usedOn>
        <link:usedOn>link:presentationLink</link:usedOn>
        <link:usedOn>link:definitionLink</link:usedOn>
      </link:roleType>
      <link:roleType roleURI="http://www.apple.com/taxonomy/role/DisclosureNetSalesByProduct" id="DisclosureNetSalesByProduct">
        <link:definition>179 - Disclosure - Net Sales by Product (Detail)</link:definition>
        <link:usedOn>link:calculationLink</link:usedOn>
        <link:usedOn>link:presentationLink</link:usedOn>
        <link:usedOn>link:definitionLink</link:usedOn>
      </link:roleType>
      <link:roleType roleURI="http://www.apple.com/taxonomy/role/DisclosureSummaryOfQuarterlyFinancialInformation" id="DisclosureSummaryOfQuarterlyFinancialInformation">
        <link:definition>180 - Disclosure - Summary of Quarterly Financial Information (Detail)</link:definition>
        <link:usedOn>link:calculationLink</link:usedOn>
        <link:usedOn>link:presentationLink</link:usedOn>
        <link:usedOn>link:definitionLink</link:usedOn>
      </link:roleType>
      <link:linkbaseRef xlink:type="simple" xlink:arcrole="http://www.w3.org/1999/xlink/properties/linkbase" xlink:role="http://www.xbrl.org/2003/role/calculationLinkbaseRef" xlink:href="aapl-20140927_cal.xml" xlink:title="Calculation Links, all"/>
      <link:linkbaseRef xlink:type="simple" xlink:arcrole="http://www.w3.org/1999/xlink/properties/linkbase" xlink:role="http://www.xbrl.org/2003/role/definitionLinkbaseRef" xlink:href="aapl-20140927_def.xml" xlink:title="Definition Links, all"/>
      <link:linkbaseRef xlink:type="simple" xlink:arcrole="http://www.w3.org/1999/xlink/properties/linkbase" xlink:role="http://www.xbrl.org/2003/role/labelLinkbaseRef" xlink:href="aapl-20140927_lab.xml" xlink:title="Label Links, all"/>
      <link:linkbaseRef xlink:type="simple" xlink:arcrole="http://www.w3.org/1999/xlink/properties/linkbase" xlink:role="http://www.xbrl.org/2003/role/presentationLinkbaseRef" xlink:href="aapl-20140927_pre.xml" xlink:title="Presentation Links, all"/>
    </appinfo>
  </annotation>
  <import namespace="http://www.xbrl.org/2003/instance" schemaLocation="http://www.xbrl.org/2003/xbrl-instance-2003-12-31.xsd"/>
  <import namespace="http://www.xbrl.org/2003/linkbase" schemaLocation="http://www.xbrl.org/2003/xbrl-linkbase-2003-12-31.xsd"/>
  <import namespace="http://fasb.org/us-types/2014-01-31" schemaLocation="http://xbrl.fasb.org/us-gaap/2014/elts/us-types-2014-01-31.xsd"/>
  <import namespace="http://www.xbrl.org/dtr/type/non-numeric" schemaLocation="http://www.xbrl.org/dtr/type/nonNumeric-2009-12-16.xsd"/>
  <import namespace="http://www.xbrl.org/dtr/type/numeric" schemaLocation="http://www.xbrl.org/dtr/type/numeric-2009-12-16.xsd"/>
  <import namespace="http://xbrl.org/2005/xbrldt" schemaLocation="http://www.xbrl.org/2005/xbrldt-2005.xsd"/>
  <import namespace="http://fasb.org/us-gaap/2014-01-31" schemaLocation="http://xbrl.fasb.org/us-gaap/2014/elts/us-gaap-2014-01-31.xsd"/>
  <import namespace="http://xbrl.sec.gov/country/2013-01-31" schemaLocation="http://xbrl.sec.gov/country/2013/country-2013-01-31.xsd"/>
  <import namespace="http://xbrl.sec.gov/currency/2014-01-31" schemaLocation="http://xbrl.sec.gov/currency/2014/currency-2014-01-31.xsd"/>
  <import namespace="http://xbrl.sec.gov/dei/2014-01-31" schemaLocation="http://xbrl.sec.gov/dei/2014/dei-2014-01-31.xsd"/>
  <import namespace="http://xbrl.sec.gov/exch/2014-01-31" schemaLocation="http://xbrl.sec.gov/exch/2014/exch-2014-01-31.xsd"/>
  <import namespace="http://xbrl.sec.gov/invest/2013-01-31" schemaLocation="http://xbrl.sec.gov/invest/2013/invest-2013-01-31.xsd"/>
  <import namespace="http://xbrl.sec.gov/naics/2011-01-31" schemaLocation="http://xbrl.sec.gov/naics/2011/naics-2011-01-31.xsd"/>
  <import namespace="http://xbrl.sec.gov/sic/2011-01-31" schemaLocation="http://xbrl.sec.gov/sic/2011/sic-2011-01-31.xsd"/>
  <import namespace="http://xbrl.sec.gov/stpr/2011-01-31" schemaLocation="http://xbrl.sec.gov/stpr/2011/stpr-2011-01-31.xsd"/>
  <element name="AcceleratedShareRepurchaseAgreementAprilTwentyThirteenMember" id="aapl_AcceleratedShareRepurchaseAgreementAprilTwentyThirteenMember" type="nonnum:domainItemType" abstract="true" xbrli:periodType="duration" nillable="true" substitutionGroup="xbrli:item"/>
  <element name="AcceleratedShareRepurchaseAgreementAugustTwentyFourteenMember" id="aapl_AcceleratedShareRepurchaseAgreementAugustTwentyFourteenMember" type="nonnum:domainItemType" abstract="true" xbrli:periodType="duration" nillable="true" substitutionGroup="xbrli:item"/>
  <element name="AcceleratedShareRepurchaseAgreementAugustTwentyTwelveMember" id="aapl_AcceleratedShareRepurchaseAgreementAugustTwentyTwelveMember" type="nonnum:domainItemType" abstract="true" xbrli:periodType="duration" nillable="true" substitutionGroup="xbrli:item"/>
  <element name="AcceleratedShareRepurchaseAgreementJanuaryTwentyFourteenMember" id="aapl_AcceleratedShareRepurchaseAgreementJanuaryTwentyFourteenMember" type="nonnum:domainItemType" abstract="true" xbrli:periodType="duration" nillable="true" substitutionGroup="xbrli:item"/>
  <element name="AccessoriesMember" id="aapl_AccessoriesMember" type="nonnum:domainItemType" abstract="true" xbrli:periodType="duration" nillable="true" substitutionGroup="xbrli:item"/>
  <element name="AccruedLiabilitiesCurrentMember" id="aapl_AccruedLiabilitiesCurrentMember" type="nonnum:domainItemType" abstract="true" xbrli:periodType="duration" nillable="true" substitutionGroup="xbrli:item"/>
  <element name="AcquiredIntangibleAssetsLineItems" id="aapl_AcquiredIntangibleAssetsLineItems" type="xbrli:stringItemType" abstract="true" xbrli:periodType="duration" nillable="true" substitutionGroup="xbrli:item"/>
  <element name="AcquiredIntangibleAssetsTable" id="aapl_AcquiredIntangibleAssetsTable" type="xbrli:stringItemType" abstract="true" xbrli:periodType="duration" nillable="true" substitutionGroup="xbrldt:hypercubeItem"/>
  <element name="AdditionalStockRepurchasedAndRetiredDuringPeriodShares" id="aapl_AdditionalStockRepurchasedAndRetiredDuringPeriodShares" type="xbrli:sharesItemType" abstract="false" xbrli:periodType="duration" nillable="true" substitutionGroup="xbrli:item"/>
  <element name="AdjustmentsToAdditionalPaidInCapitalTaxEffectFromShareBasedCompensationIncludingTransferPricing" id="aapl_AdjustmentsToAdditionalPaidInCapitalTaxEffectFromShareBasedCompensationIncludingTransferPricing" type="xbrli:monetaryItemType" abstract="false" xbrli:periodType="duration" xbrli:balance="credit" nillable="true" substitutionGroup="xbrli:item"/>
  <element name="AmericasSegmentMember" id="aapl_AmericasSegmentMember" type="nonnum:domainItemType" abstract="true" xbrli:periodType="duration" nillable="true" substitutionGroup="xbrli:item"/>
  <element name="AmountUtilizedUnderShareRepurchaseProgram" id="aapl_AmountUtilizedUnderShareRepurchaseProgram" type="xbrli:monetaryItemType" abstract="false" xbrli:periodType="instant" xbrli:balance="credit" nillable="true" substitutionGroup="xbrli:item"/>
  <element name="AppleIpadMember" id="aapl_AppleIpadMember" type="nonnum:domainItemType" abstract="true" xbrli:periodType="duration" nillable="true" substitutionGroup="xbrli:item"/>
  <element name="AppleIphoneAndIpadMember" id="aapl_AppleIphoneAndIpadMember" type="nonnum:domainItemType" abstract="true" xbrli:periodType="duration" nillable="true" substitutionGroup="xbrli:item"/>
  <element name="AppleIphoneMember" id="aapl_AppleIphoneMember" type="nonnum:domainItemType" abstract="true" xbrli:periodType="duration" nillable="true" substitutionGroup="xbrli:item"/>
  <element name="AppleMacMember" id="aapl_AppleMacMember" type="nonnum:domainItemType" abstract="true" xbrli:periodType="duration" nillable="true" substitutionGroup="xbrli:item"/>
  <element name="BeatsMember" id="aapl_BeatsMember" type="nonnum:domainItemType" abstract="true" xbrli:periodType="duration" nillable="true" substitutionGroup="xbrli:item"/>
  <element name="CashCashEquivalentsAndMarketableSecuritiesHeldByForeignSubsidiaries" id="aapl_CashCashEquivalentsAndMarketableSecuritiesHeldByForeignSubsidiaries" type="xbrli:monetaryItemType" abstract="false" xbrli:periodType="instant" xbrli:balance="debit" nillable="true" substitutionGroup="xbrli:item"/>
  <element name="CollateralAlreadyReceivedAggregateFairValue" id="aapl_CollateralAlreadyReceivedAggregateFairValue" type="xbrli:monetaryItemType" abstract="false" xbrli:periodType="instant" xbrli:balance="debit" nillable="true" substitutionGroup="xbrli:item"/>
  <element name="CommercialPaperCashFlowSummaryTableTextBlock" id="aapl_CommercialPaperCashFlowSummaryTableTextBlock" type="nonnum:textBlockItemType" abstract="false" xbrli:periodType="duration" nillable="true" substitutionGroup="xbrli:item"/>
  <element name="CommitmentsAndContingenciesDisclosureLineItems" id="aapl_CommitmentsAndContingenciesDisclosureLineItems" type="xbrli:stringItemType" abstract="true" xbrli:periodType="duration" nillable="true" substitutionGroup="xbrli:item"/>
  <element name="CommitmentsAndContingenciesDisclosureTable" id="aapl_CommitmentsAndContingenciesDisclosureTable" type="xbrli:stringItemType" abstract="true" xbrli:periodType="duration" nillable="true" substitutionGroup="xbrldt:hypercubeItem"/>
  <element name="ComponentsOfDeferredTaxAssetsAndLiabilitiesLineItems" id="aapl_ComponentsOfDeferredTaxAssetsAndLiabilitiesLineItems" type="xbrli:stringItemType" abstract="true" xbrli:periodType="duration" nillable="true" substitutionGroup="xbrli:item"/>
  <element name="ComponentsOfDeferredTaxAssetsAndLiabilitiesTable" id="aapl_ComponentsOfDeferredTaxAssetsAndLiabilitiesTable" type="xbrli:stringItemType" abstract="true" xbrli:periodType="duration" nillable="true" substitutionGroup="xbrldt:hypercubeItem"/>
  <element name="CreditRiskAmountOfForeignCurrencyDerivativeInstrumentsDesignatedAsHedgingInstruments" id="aapl_CreditRiskAmountOfForeignCurrencyDerivativeInstrumentsDesignatedAsHedgingInstruments" type="xbrli:monetaryItemType" abstract="false" xbrli:periodType="instant" xbrli:balance="debit" nillable="true" substitutionGroup="xbrli:item"/>
  <element name="CreditRiskAmountOfForeignCurrencyDerivativeInstrumentsNotDesignatedAsHedgingInstruments" id="aapl_CreditRiskAmountOfForeignCurrencyDerivativeInstrumentsNotDesignatedAsHedgingInstruments" type="xbrli:monetaryItemType" abstract="false" xbrli:periodType="instant" xbrli:balance="debit" nillable="true" substitutionGroup="xbrli:item"/>
  <element name="CreditRiskAmountOfInterestRateDerivativeInstrumentsDesignatedAsHedgingInstruments" id="aapl_CreditRiskAmountOfInterestRateDerivativeInstrumentsDesignatedAsHedgingInstruments" type="xbrli:monetaryItemType" abstract="false" xbrli:periodType="instant" xbrli:balance="debit" nillable="true" substitutionGroup="xbrli:item"/>
  <element name="CustomerOneConcentrationRiskMember" id="aapl_CustomerOneConcentrationRiskMember" type="nonnum:domainItemType" abstract="true" xbrli:periodType="duration" nillable="true" substitutionGroup="xbrli:item"/>
  <element name="CustomerTwoConcentrationRiskMember" id="aapl_CustomerTwoConcentrationRiskMember" type="nonnum:domainItemType" abstract="true" xbrli:periodType="duration" nillable="true" substitutionGroup="xbrli:item"/>
  <element name="DebtInstrumentMaturityYear" id="aapl_DebtInstrumentMaturityYear" type="xbrli:gYearItemType" abstract="false" xbrli:periodType="duration" nillable="true" substitutionGroup="xbrli:item"/>
  <element name="DeferredTaxAssetsBasisOfCapitalAssetsAndInvestments" id="aapl_DeferredTaxAssetsBasisOfCapitalAssetsAndInvestments" type="xbrli:monetaryItemType" abstract="false" xbrli:periodType="instant" xbrli:balance="debit" nillable="true" substitutionGroup="xbrli:item"/>
  <element name="DeferredTaxLiabilityRelatedToAmountsThatMayBeRepatriated" id="aapl_DeferredTaxLiabilityRelatedToAmountsThatMayBeRepatriated" type="xbrli:monetaryItemType" abstract="false" xbrli:periodType="instant" xbrli:balance="debit" nillable="true" substitutionGroup="xbrli:item"/>
  <element name="DefinedContributionPlanContributionRatesAsPercentageOfEmployeesEarnings" id="aapl_DefinedContributionPlanContributionRatesAsPercentageOfEmployeesEarnings" type="num:percentItemType" abstract="false" xbrli:periodType="duration" nillable="true" substitutionGroup="xbrli:item"/>
  <element name="DeliverablesInArrangement" id="aapl_DeliverablesInArrangement" type="xbrli:decimalItemType" abstract="false" xbrli:periodType="instant" nillable="true" substitutionGroup="xbrli:item"/>
  <element name="DerivativeAssetsReducedForMasterNettingArrangements" id="aapl_DerivativeAssetsReducedForMasterNettingArrangements" type="xbrli:monetaryItemType" abstract="false" xbrli:periodType="instant" xbrli:balance="credit" nillable="true" substitutionGroup="xbrli:item"/>
  <element name="DerivativeLiabilitiesReducedForMasterNettingArrangements" id="aapl_DerivativeLiabilitiesReducedForMasterNettingArrangements" type="xbrli:monetaryItemType" abstract="false" xbrli:periodType="instant" xbrli:balance="debit" nillable="true" substitutionGroup="xbrli:item"/>
  <element name="DirectorsPlanMember" id="aapl_DirectorsPlanMember" type="nonnum:domainItemType" abstract="true" xbrli:periodType="duration" nillable="true" substitutionGroup="xbrli:item"/>
  <element name="DividendsAndDividendEquivalentsDeclaredOnCommonStockAndRestrictedStockUnits" id="aapl_DividendsAndDividendEquivalentsDeclaredOnCommonStockAndRestrictedStockUnits" type="xbrli:monetaryItemType" abstract="false" xbrli:periodType="duration" xbrli:balance="debit" nillable="true" substitutionGroup="xbrli:item"/>
  <element name="DividendsLineItems" id="aapl_DividendsLineItems" type="xbrli:stringItemType" abstract="true" xbrli:periodType="duration" nillable="true" substitutionGroup="xbrli:item"/>
  <element name="DividendsTable" id="aapl_DividendsTable" type="xbrli:stringItemType" abstract="true" xbrli:periodType="duration" nillable="true" substitutionGroup="xbrldt:hypercubeItem"/>
  <element name="DocumentAndEntityInformationAbstract" id="aapl_DocumentAndEntityInformationAbstract" type="xbrli:stringItemType" abstract="true" xbrli:periodType="duration" nillable="true" substitutionGroup="xbrli:item"/>
  <element name="EarningsPerShareDisclosureLineItems" id="aapl_EarningsPerShareDisclosureLineItems" type="xbrli:stringItemType" abstract="true" xbrli:periodType="duration" nillable="true" substitutionGroup="xbrli:item"/>
  <element name="EarningsPerShareDisclosureTable" id="aapl_EarningsPerShareDisclosureTable" type="xbrli:stringItemType" abstract="true" xbrli:periodType="duration" nillable="true" substitutionGroup="xbrldt:hypercubeItem"/>
  <element name="EmployeeStockPlanTwentyZeroThreePlanMember" id="aapl_EmployeeStockPlanTwentyZeroThreePlanMember" type="nonnum:domainItemType" abstract="true" xbrli:periodType="duration" nillable="true" substitutionGroup="xbrli:item"/>
  <element name="EmployeeStockPurchasePlanMember" id="aapl_EmployeeStockPurchasePlanMember" type="nonnum:domainItemType" abstract="true" xbrli:periodType="duration" nillable="true" substitutionGroup="xbrli:item"/>
  <element name="EmployeeStockPurchasePlanTwentyFourteenMember" id="aapl_EmployeeStockPurchasePlanTwentyFourteenMember" type="nonnum:domainItemType" abstract="true" xbrli:periodType="duration" nillable="true" substitutionGroup="xbrli:item"/>
  <element name="EmployeeStockPurchaseProgramAuthorizedAmount" id="aapl_EmployeeStockPurchaseProgramAuthorizedAmount" type="xbrli:monetaryItemType" abstract="false" xbrli:periodType="duration" xbrli:balance="credit" nillable="true" substitutionGroup="xbrli:item"/>
  <element name="EstimatedLifeOfRelatedHardwareDevice" id="aapl_EstimatedLifeOfRelatedHardwareDevice" type="xbrli:durationItemType" abstract="false" xbrli:periodType="duration" nillable="true" substitutionGroup="xbrli:item"/>
  <element name="EuropeSegmentMember" id="aapl_EuropeSegmentMember" type="nonnum:domainItemType" abstract="true" xbrli:periodType="duration" nillable="true" substitutionGroup="xbrli:item"/>
  <element name="ExpectedAmortizationExpenseLineItems" id="aapl_ExpectedAmortizationExpenseLineItems" type="xbrli:stringItemType" abstract="true" xbrli:periodType="duration" nillable="true" substitutionGroup="xbrli:item"/>
  <element name="ExpectedAmortizationExpenseTable" id="aapl_ExpectedAmortizationExpenseTable" type="xbrli:stringItemType" abstract="true" xbrli:periodType="duration" nillable="true" substitutionGroup="xbrldt:hypercubeItem"/>
  <element name="ExpectedAnnualAmortizationExpenseRelatedToAcquiredIntangibleAssetTextBlock" id="aapl_ExpectedAnnualAmortizationExpenseRelatedToAcquiredIntangibleAssetTextBlock" type="nonnum:textBlockItemType" abstract="false" xbrli:periodType="duration" nillable="true" substitutionGroup="xbrli:item"/>
  <element name="FinancialInstrumentsLineItems" id="aapl_FinancialInstrumentsLineItems" type="xbrli:stringItemType" abstract="true" xbrli:periodType="duration" nillable="true" substitutionGroup="xbrli:item"/>
  <element name="FinancialInstrumentsTable" id="aapl_FinancialInstrumentsTable" type="xbrli:stringItemType" abstract="true" xbrli:periodType="duration" nillable="true" substitutionGroup="xbrldt:hypercubeItem"/>
  <element name="GreaterChinaSegmentMember" id="aapl_GreaterChinaSegmentMember" type="nonnum:domainItemType" abstract="true" xbrli:periodType="duration" nillable="true" substitutionGroup="xbrli:item"/>
  <element name="HardwareLimitedPartsAndLaborMember" id="aapl_HardwareLimitedPartsAndLaborMember" type="nonnum:domainItemType" abstract="true" xbrli:periodType="duration" nillable="true" substitutionGroup="xbrli:item"/>
  <element name="HardwareServicePartsMember" id="aapl_HardwareServicePartsMember" type="nonnum:domainItemType" abstract="true" xbrli:periodType="duration" nillable="true" substitutionGroup="xbrli:item"/>
  <element name="HedgeAccountingAdjustmentsRelatedToLongTermDebt" id="aapl_HedgeAccountingAdjustmentsRelatedToLongTermDebt" type="xbrli:monetaryItemType" abstract="false" xbrli:periodType="instant" xbrli:balance="credit" nillable="true" substitutionGroup="xbrli:item"/>
  <element name="IncomeTaxesLineItems" id="aapl_IncomeTaxesLineItems" type="xbrli:stringItemType" abstract="true" xbrli:periodType="duration" nillable="true" substitutionGroup="xbrli:item"/>
  <element name="IncomeTaxesTable" id="aapl_IncomeTaxesTable" type="xbrli:stringItemType" abstract="true" xbrli:periodType="duration" nillable="true" substitutionGroup="xbrldt:hypercubeItem"/>
  <element name="IpodMember" id="aapl_IpodMember" type="nonnum:domainItemType" abstract="true" xbrli:periodType="duration" nillable="true" substitutionGroup="xbrli:item"/>
  <element name="ItunesSoftwareAndServiceMember" id="aapl_ItunesSoftwareAndServiceMember" type="nonnum:domainItemType" abstract="true" xbrli:periodType="duration" nillable="true" substitutionGroup="xbrli:item"/>
  <element name="JapanSegmentMember" id="aapl_JapanSegmentMember" type="nonnum:domainItemType" abstract="true" xbrli:periodType="duration" nillable="true" substitutionGroup="xbrli:item"/>
  <element name="LongTermDebtMaturitiesRepaymentsOfPrincipalLineItems" id="aapl_LongTermDebtMaturitiesRepaymentsOfPrincipalLineItems" type="xbrli:stringItemType" abstract="true" xbrli:periodType="duration" nillable="true" substitutionGroup="xbrli:item"/>
  <element name="LongTermDebtMaturitiesRepaymentsOfPrincipalTable" id="aapl_LongTermDebtMaturitiesRepaymentsOfPrincipalTable" type="xbrli:stringItemType" abstract="true" xbrli:periodType="duration" nillable="true" substitutionGroup="xbrldt:hypercubeItem"/>
  <element name="LongTermMarketableSecuritiesMaturitiesTermMaximum" id="aapl_LongTermMarketableSecuritiesMaturitiesTermMaximum" type="xbrli:durationItemType" abstract="false" xbrli:periodType="duration" nillable="true" substitutionGroup="xbrli:item"/>
  <element name="LongTermMarketableSecuritiesMaturitiesTermMinimum" id="aapl_LongTermMarketableSecuritiesMaturitiesTermMinimum" type="xbrli:durationItemType" abstract="false" xbrli:periodType="duration" nillable="true" substitutionGroup="xbrli:item"/>
  <element name="MachineryEquipmentAndInternalUseSoftwareMember" id="aapl_MachineryEquipmentAndInternalUseSoftwareMember" type="nonnum:domainItemType" abstract="true" xbrli:periodType="duration" nillable="true" substitutionGroup="xbrli:item"/>
  <element name="MajorFacilityLeaseMember" id="aapl_MajorFacilityLeaseMember" type="nonnum:domainItemType" abstract="true" xbrli:periodType="duration" nillable="true" substitutionGroup="xbrli:item"/>
  <element name="MajorityMember" id="aapl_MajorityMember" type="nonnum:domainItemType" abstract="true" xbrli:periodType="duration" nillable="true" substitutionGroup="xbrli:item"/>
  <element name="NonTradeReceivableMember" id="aapl_NonTradeReceivableMember" type="nonnum:domainItemType" abstract="true" xbrli:periodType="duration" nillable="true" substitutionGroup="xbrli:item"/>
  <element name="NotionalAndCreditRiskAmountsOfOutstandingDerivativePositionsDisclosureTextBlock" id="aapl_NotionalAndCreditRiskAmountsOfOutstandingDerivativePositionsDisclosureTextBlock" type="nonnum:textBlockItemType" abstract="false" xbrli:periodType="duration" nillable="true" substitutionGroup="xbrli:item"/>
  <element name="NumberOfCustomersWithSignificantAccountsReceivableBalance" id="aapl_NumberOfCustomersWithSignificantAccountsReceivableBalance" type="xbrli:integerItemType" abstract="false" xbrli:periodType="instant" nillable="true" substitutionGroup="xbrli:item"/>
  <element name="NumberOfSignificantVendors" id="aapl_NumberOfSignificantVendors" type="xbrli:integerItemType" abstract="false" xbrli:periodType="instant" nillable="true" substitutionGroup="xbrli:item"/>
  <element name="OffBalanceSheetInventoryPurchaseCommitment" id="aapl_OffBalanceSheetInventoryPurchaseCommitment" type="xbrli:monetaryItemType" abstract="false" xbrli:periodType="instant" xbrli:balance="credit" nillable="true" substitutionGroup="xbrli:item"/>
  <element name="OpenMarketRepurchasesMember" id="aapl_OpenMarketRepurchasesMember" type="nonnum:domainItemType" abstract="true" xbrli:periodType="duration" nillable="true" substitutionGroup="xbrli:item"/>
  <element name="OtherCountriesMember" id="aapl_OtherCountriesMember" type="nonnum:domainItemType" abstract="true" xbrli:periodType="duration" nillable="true" substitutionGroup="xbrli:item"/>
  <element name="OtherIncomeExpenseLineItems" id="aapl_OtherIncomeExpenseLineItems" type="xbrli:stringItemType" abstract="true" xbrli:periodType="duration" nillable="true" substitutionGroup="xbrli:item"/>
  <element name="OtherIncomeExpenseTable" id="aapl_OtherIncomeExpenseTable" type="xbrli:stringItemType" abstract="true" xbrli:periodType="duration" nillable="true" substitutionGroup="xbrldt:hypercubeItem"/>
  <element name="PaymentsOfDividendsAndDividendEquivalentsOnCommonStockAndRestrictedStockUnits" id="aapl_PaymentsOfDividendsAndDividendEquivalentsOnCommonStockAndRestrictedStockUnits" type="xbrli:monetaryItemType" abstract="false" xbrli:periodType="duration" xbrli:balance="credit" nillable="true" substitutionGroup="xbrli:item"/>
  <element name="PercentageOfIncomeTaxExaminationMinimumLikelihoodOfTaxBenefitsBeingRealizedUponSettlement" id="aapl_PercentageOfIncomeTaxExaminationMinimumLikelihoodOfTaxBenefitsBeingRealizedUponSettlement" type="num:percentItemType" abstract="false" xbrli:periodType="instant" nillable="true" substitutionGroup="xbrli:item"/>
  <element name="ProductWarrantyTerm" id="aapl_ProductWarrantyTerm" type="xbrli:durationItemType" abstract="false" xbrli:periodType="duration" nillable="true" substitutionGroup="xbrli:item"/>
  <element name="QuarterlyFinancialInformationLineItems" id="aapl_QuarterlyFinancialInformationLineItems" type="xbrli:stringItemType" abstract="true" xbrli:periodType="duration" nillable="true" substitutionGroup="xbrli:item"/>
  <element name="QuarterlyFinancialInformationTable" id="aapl_QuarterlyFinancialInformationTable" type="xbrli:stringItemType" abstract="true" xbrli:periodType="duration" nillable="true" substitutionGroup="xbrldt:hypercubeItem"/>
  <element name="RestOfAsiaPacificSegmentMember" id="aapl_RestOfAsiaPacificSegmentMember" type="nonnum:domainItemType" abstract="true" xbrli:periodType="duration" nillable="true" substitutionGroup="xbrli:item"/>
  <element name="ResultOfLegalProceedings" id="aapl_ResultOfLegalProceedings" type="xbrli:monetaryItemType" abstract="false" xbrli:periodType="instant" xbrli:balance="debit" nillable="true" substitutionGroup="xbrli:item"/>
  <element name="RetailSegmentMember" id="aapl_RetailSegmentMember" type="nonnum:domainItemType" abstract="true" xbrli:periodType="duration" nillable="true" substitutionGroup="xbrli:item"/>
  <element name="RetailSpaceLeaseMember" id="aapl_RetailSpaceLeaseMember" type="nonnum:domainItemType" abstract="true" xbrli:periodType="duration" nillable="true" substitutionGroup="xbrli:item"/>
  <element name="SamsungElectronicsCoLtdMember" id="aapl_SamsungElectronicsCoLtdMember" type="nonnum:domainItemType" abstract="true" xbrli:periodType="duration" nillable="true" substitutionGroup="xbrli:item"/>
  <element name="ScheduleOfAccruedLiabilitiesLineItems" id="aapl_ScheduleOfAccruedLiabilitiesLineItems" type="xbrli:stringItemType" abstract="true" xbrli:periodType="duration" nillable="true" substitutionGroup="xbrli:item"/>
  <element name="ScheduleOfAccruedLiabilitiesTable" id="aapl_ScheduleOfAccruedLiabilitiesTable" type="xbrli:stringItemType" abstract="true" xbrli:periodType="duration" nillable="true" substitutionGroup="xbrldt:hypercubeItem"/>
  <element name="ScheduleOfCommonStockRepurchasedTableTextBlock" id="aapl_ScheduleOfCommonStockRepurchasedTableTextBlock" type="nonnum:textBlockItemType" abstract="false" xbrli:periodType="duration" nillable="true" substitutionGroup="xbrli:item"/>
  <element name="ScheduleOfOtherLiabilitiesLineItems" id="aapl_ScheduleOfOtherLiabilitiesLineItems" type="xbrli:stringItemType" abstract="true" xbrli:periodType="duration" nillable="true" substitutionGroup="xbrli:item"/>
  <element name="ScheduleOfOtherLiabilitiesTable" id="aapl_ScheduleOfOtherLiabilitiesTable" type="xbrli:stringItemType" abstract="true" xbrli:periodType="duration" nillable="true" substitutionGroup="xbrldt:hypercubeItem"/>
  <element name="ScheduleOfStockRepurchaseProgramTable" id="aapl_ScheduleOfStockRepurchaseProgramTable" type="xbrli:stringItemType" abstract="true" xbrli:periodType="duration" nillable="true" substitutionGroup="xbrldt:hypercubeItem"/>
  <element name="SegmentReportingInformationResearchAndDevelopmentExpense" id="aapl_SegmentReportingInformationResearchAndDevelopmentExpense" type="xbrli:monetaryItemType" abstract="false" xbrli:periodType="duration" xbrli:balance="debit" nillable="true" substitutionGroup="xbrli:item"/>
  <element name="SeniorNotesDueTwentyEighteenMember" id="aapl_SeniorNotesDueTwentyEighteenMember" type="nonnum:domainItemType" abstract="true" xbrli:periodType="duration" nillable="true" substitutionGroup="xbrli:item"/>
  <element name="SeniorNotesDueTwentyNineteenMember" id="aapl_SeniorNotesDueTwentyNineteenMember" type="nonnum:domainItemType" abstract="true" xbrli:periodType="duration" nillable="true" substitutionGroup="xbrli:item"/>
  <element name="SeniorNotesDueTwentySeventeenMember" id="aapl_SeniorNotesDueTwentySeventeenMember" type="nonnum:domainItemType" abstract="true" xbrli:periodType="duration" nillable="true" substitutionGroup="xbrli:item"/>
  <element name="SeniorNotesDueTwentySixteenMember" id="aapl_SeniorNotesDueTwentySixteenMember" type="nonnum:domainItemType" abstract="true" xbrli:periodType="duration" nillable="true" substitutionGroup="xbrli:item"/>
  <element name="SeniorNotesFourPointFourFivePercentDueTwentyFortyFourMember" id="aapl_SeniorNotesFourPointFourFivePercentDueTwentyFortyFourMember" type="nonnum:domainItemType" abstract="true" xbrli:periodType="duration" nillable="true" substitutionGroup="xbrli:item"/>
  <element name="SeniorNotesOnePointZeroFivePercentDueTwentySeventeenMember" id="aapl_SeniorNotesOnePointZeroFivePercentDueTwentySeventeenMember" type="nonnum:domainItemType" abstract="true" xbrli:periodType="duration" nillable="true" substitutionGroup="xbrli:item"/>
  <element name="SeniorNotesOnePointZeroPercentDueTwentyEighteenMember" id="aapl_SeniorNotesOnePointZeroPercentDueTwentyEighteenMember" type="nonnum:domainItemType" abstract="true" xbrli:periodType="duration" nillable="true" substitutionGroup="xbrli:item"/>
  <element name="SeniorNotesThreePointEightFivePercentDueTwentyFortyThreeMember" id="aapl_SeniorNotesThreePointEightFivePercentDueTwentyFortyThreeMember" type="nonnum:domainItemType" abstract="true" xbrli:periodType="duration" nillable="true" substitutionGroup="xbrli:item"/>
  <element name="SeniorNotesThreePointFourFivePercentDueTwentyTwentyFourMember" id="aapl_SeniorNotesThreePointFourFivePercentDueTwentyTwentyFourMember" type="nonnum:domainItemType" abstract="true" xbrli:periodType="duration" nillable="true" substitutionGroup="xbrli:item"/>
  <element name="SeniorNotesTwoPointEightFivePercentDueTwentyTwentyOneMember" id="aapl_SeniorNotesTwoPointEightFivePercentDueTwentyTwentyOneMember" type="nonnum:domainItemType" abstract="true" xbrli:periodType="duration" nillable="true" substitutionGroup="xbrli:item"/>
  <element name="SeniorNotesTwoPointFourZeroPercentDueTwentyTwentyThreeMember" id="aapl_SeniorNotesTwoPointFourZeroPercentDueTwentyTwentyThreeMember" type="nonnum:domainItemType" abstract="true" xbrli:periodType="duration" nillable="true" substitutionGroup="xbrli:item"/>
  <element name="SeniorNotesTwoPointOneZeroPercentDueTwentyNineteenMember" id="aapl_SeniorNotesTwoPointOneZeroPercentDueTwentyNineteenMember" type="nonnum:domainItemType" abstract="true" xbrli:periodType="duration" nillable="true" substitutionGroup="xbrli:item"/>
  <element name="SeniorNotesZeroPointFourFivePercentDueTwentySixteenMember" id="aapl_SeniorNotesZeroPointFourFivePercentDueTwentySixteenMember" type="nonnum:domainItemType" abstract="true" xbrli:periodType="duration" nillable="true" substitutionGroup="xbrli:item"/>
  <element name="ShareBasedCompensationArrangementByShareBasedPaymentAwardEmployeeStockPurchasePlanOfferingTerm" id="aapl_ShareBasedCompensationArrangementByShareBasedPaymentAwardEmployeeStockPurchasePlanOfferingTerm" type="xbrli:durationItemType" abstract="false" xbrli:periodType="duration" nillable="true" substitutionGroup="xbrli:item"/>
  <element name="ShareBasedCompensationArrangementByShareBasedPaymentAwardPeriodOfTimeOptionsBecomeExercisable" id="aapl_ShareBasedCompensationArrangementByShareBasedPaymentAwardPeriodOfTimeOptionsBecomeExercisable" type="xbrli:durationItemType" abstract="false" xbrli:periodType="duration" nillable="true" substitutionGroup="xbrli:item"/>
  <element name="ShareBasedCompensationTaxExpenseBenefit" id="aapl_ShareBasedCompensationTaxExpenseBenefit" type="xbrli:monetaryItemType" abstract="false" xbrli:periodType="duration" xbrli:balance="credit" nillable="true" substitutionGroup="xbrli:item"/>
  <element name="SharesOfStockIssuedDuringPeriodShareBasedCompensationNetOfSharesWithheldForTaxes" id="aapl_SharesOfStockIssuedDuringPeriodShareBasedCompensationNetOfSharesWithheldForTaxes" type="xbrli:sharesItemType" abstract="false" xbrli:periodType="duration" nillable="true" substitutionGroup="xbrli:item"/>
  <element name="SignificantAccountingPoliciesLineItems" id="aapl_SignificantAccountingPoliciesLineItems" type="xbrli:stringItemType" abstract="true" xbrli:periodType="duration" nillable="true" substitutionGroup="xbrli:item"/>
  <element name="SignificantAccountingPoliciesTable" id="aapl_SignificantAccountingPoliciesTable" type="xbrli:stringItemType" abstract="true" xbrli:periodType="duration" nillable="true" substitutionGroup="xbrldt:hypercubeItem"/>
  <element name="StandardProductWarrantyLineItems" id="aapl_StandardProductWarrantyLineItems" type="xbrli:stringItemType" abstract="true" xbrli:periodType="duration" nillable="true" substitutionGroup="xbrli:item"/>
  <element name="StandardProductWarrantyTable" id="aapl_StandardProductWarrantyTable" type="xbrli:stringItemType" abstract="true" xbrli:periodType="duration" nillable="true" substitutionGroup="xbrldt:hypercubeItem"/>
  <element name="StockholdersEquityNoteDisclosureLineItems" id="aapl_StockholdersEquityNoteDisclosureLineItems" type="xbrli:stringItemType" abstract="true" xbrli:periodType="duration" nillable="true" substitutionGroup="xbrli:item"/>
  <element name="StockholdersEquityNoteDisclosureTable" id="aapl_StockholdersEquityNoteDisclosureTable" type="xbrli:stringItemType" abstract="true" xbrli:periodType="duration" nillable="true" substitutionGroup="xbrldt:hypercubeItem"/>
  <element name="StockIssuedDuringPeriodValueShareBasedCompensationNetOfSharesWithheldForTaxes" id="aapl_StockIssuedDuringPeriodValueShareBasedCompensationNetOfSharesWithheldForTaxes" type="xbrli:monetaryItemType" abstract="false" xbrli:periodType="duration" xbrli:balance="credit" nillable="true" substitutionGroup="xbrli:item"/>
  <element name="StockRepurchasedAndRetiredDuringPeriodWeightedAveragePrice" id="aapl_StockRepurchasedAndRetiredDuringPeriodWeightedAveragePrice" type="num:perShareItemType" abstract="false" xbrli:periodType="duration" nillable="true" substitutionGroup="xbrli:item"/>
  <element name="StockRepurchaseProgramCompletionDate" id="aapl_StockRepurchaseProgramCompletionDate" type="us-types:dateStringItemType" abstract="false" xbrli:periodType="duration" nillable="true" substitutionGroup="xbrli:item"/>
  <element name="StockRepurchaseProgramLineItems" id="aapl_StockRepurchaseProgramLineItems" type="xbrli:stringItemType" abstract="true" xbrli:periodType="duration" nillable="true" substitutionGroup="xbrli:item"/>
  <element name="StockSplitPolicyTextBlock" id="aapl_StockSplitPolicyTextBlock" type="nonnum:textBlockItemType" abstract="false" xbrli:periodType="duration" nillable="true" substitutionGroup="xbrli:item"/>
  <element name="TotalCellularNetworkCarriersMember" id="aapl_TotalCellularNetworkCarriersMember" type="nonnum:domainItemType" abstract="true" xbrli:periodType="duration" nillable="true" substitutionGroup="xbrli:item"/>
  <element name="TwentyFourteenDebtIssuanceMember" id="aapl_TwentyFourteenDebtIssuanceMember" type="nonnum:domainItemType" abstract="true" xbrli:periodType="duration" nillable="true" substitutionGroup="xbrli:item"/>
  <element name="TwentyThirteenDebtIssuanceMember" id="aapl_TwentyThirteenDebtIssuanceMember" type="nonnum:domainItemType" abstract="true" xbrli:periodType="duration" nillable="true" substitutionGroup="xbrli:item"/>
  <element name="TypeOfOperationsAxis" id="aapl_TypeOfOperationsAxis" type="xbrli:stringItemType" abstract="true" xbrli:periodType="duration" nillable="true" substitutionGroup="xbrldt:dimensionItem"/>
  <element name="TypeOfOperationsDomain" id="aapl_TypeOfOperationsDomain" type="nonnum:domainItemType" abstract="true" xbrli:periodType="duration" nillable="true" substitutionGroup="xbrli:item"/>
  <element name="UncategorizedAbstract" id="aapl_UncategorizedAbstract" type="xbrli:stringItemType" abstract="true" xbrli:periodType="duration" nillable="true" substitutionGroup="xbrli:item"/>
  <element name="UpfrontPaymentUnderAcceleratedShareRepurchaseProgram" id="aapl_UpfrontPaymentUnderAcceleratedShareRepurchaseProgram" type="xbrli:monetaryItemType" abstract="false" xbrli:periodType="duration" xbrli:balance="debit" nillable="true" substitutionGroup="xbrli:item"/>
  <element name="VendorOneMember" id="aapl_VendorOneMember" type="nonnum:domainItemType" abstract="true" xbrli:periodType="duration" nillable="true" substitutionGroup="xbrli:item"/>
  <element name="VendorThreeMember" id="aapl_VendorThreeMember" type="nonnum:domainItemType" abstract="true" xbrli:periodType="duration" nillable="true" substitutionGroup="xbrli:item"/>
  <element name="VendorTwoMember" id="aapl_VendorTwoMember" type="nonnum:domainItemType" abstract="true" xbrli:periodType="duration" nillable="true" substitutionGroup="xbrli:item"/>
  <element name="VirnetXIncMember" id="aapl_VirnetXIncMember" type="nonnum:domainItemType" abstract="true" xbrli:periodType="duration" nillable="true" substitutionGroup="xbrli:item"/>
</schema>
